INSERT INTO Clients (client_id, full_name, gender, birthdate, phone, email) VALUES
(1, 'Иванов Иван Иванович', 'Мужской', '1990-05-15', '+7 (900) 123-45-67', 'ivanov@example.com'),
(2, 'Петрова Анна Сергеевна', 'Женский', '1985-12-22', '+7 (901) 234-56-78', 'petrova@example.com'),
(3, 'Соколова Мария Дмитриевна', 'Женский', '2000-08-14', '+7 (902) 345-67-89', 'sokolova@example.com'),
(4, 'Кузнецов Андрей Павлович', 'Мужской', '1998-03-30', '+7 (903) 456-78-90', 'kuznetsov@example.com'),
(5, 'Макарова Ольга Викторовна', 'Женский', '1992-07-09', '+7 (904) 567-89-01', 'makarova@example.com'),
(6, 'Дмитриев Алексей Сергеевич', 'Мужской', '1988-11-25', '+7 (905) 678-90-12', 'dmitriev@example.com'),
(7, 'Григорьева Ирина Павловна', 'Женский', '1993-04-11', '+7 (906) 789-01-23', 'grigorieva@example.com'),
(8, 'Смирнов Сергей Игоревич', 'Мужской', '1980-09-16', '+7 (907) 890-12-34', 'smirnov@example.com'),
(9, 'Лебедева Виктория Борисовна', 'Женский', '1995-02-28', '+7 (908) 901-23-45', 'lebedeva@example.com'),
(10, 'Рыжов Владимир Николаевич', 'Мужской', '1987-06-05', '+7 (909) 012-34-56', 'ryzhov@example.com'),
(11, 'Федорова Екатерина Андреевна', 'Женский', '1996-01-18', '+7 (910) 123-45-67', 'fedorova@example.com'),
(12, 'Новиков Павел Дмитриевич', 'Мужской', '1991-10-22', '+7 (911) 234-56-78', 'novikov@example.com'),
(13, 'Тимофеева Алёна Александровна', 'Женский', '1999-03-13', '+7 (912) 345-67-89', 'timofeeva@example.com'),
(14, 'Васильев Артём Павлович', 'Мужской', '1986-08-04', '+7 (913) 456-78-90', 'vasiliev@example.com'),
(15, 'Сидоров Дмитрий Олегович', 'Мужской', '1995-03-10', '+7 (915) 987-65-43', 'sidorov@example.com');

INSERT INTO Trainers (trainer_id, full_name, specialization, experience_years) VALUES
(1, 'Смирнов Алексей Викторович', 'Фитнес', 5),
(2, 'Козлова Елена Петровна', 'Йога', 8),
(3, 'Морозов Денис Сергеевич', 'Плавание', 3),
(4, 'Новикова Ольга Игоревна', 'Пилатес', 6),
(5, 'Голубев Игорь Николаевич', 'Фитнес', 4),
(6, 'Дмитриева Наталья Александровна', 'Йога', 7),
(7, 'Волкова Светлана Валерьевна', 'Йога', 9),
(8, 'Тимофеев Сергей Анатольевич', 'Фитнес', 5),
(9, 'Зайцева Оксана Владимировна', 'Плавание', 2),
(10, 'Куликова Марина Романовна', 'Пилатес', 6),
(11, 'Федоров Максим Викторович', 'Фитнес', 10),
(12, 'Жукова Екатерина Павловна', 'Йога', 3),
(13, 'Кузнецов Валерий Петрович', 'Фитнес', 12),
(14, 'Лебедева Ирина Валерьевна', 'Пилатес', 4),
(15, 'Васильев Артем Игоревич', 'Бокс', 7);

INSERT INTO Memberships (subscription_id, name, duration_days, price, max_visits) VALUES
(1, 'Стандарт', 30, 3000.00, 10),
(2, 'Премиум', 90, 8000.00, 30),
(3, 'Групповой', 60, 5000.00, 20),
(4, 'Индивидуальный', 30, 6000.00, 15),
(5, 'VIP', 365, 20000.00, 365),
(6, 'Безлимитный', 180, 15000.00, 999),
(7, 'Семейный', 90, 12000.00, 40),
(8, 'Корпоративный', 60, 10000.00, 25),
(9, 'Детский', 30, 2000.00, 12),
(10, 'Тренировка по выходным', 30, 4000.00, 8),
(11, 'Пробный', 7, 1000.00, 5),
(12, 'Гибкий', 30, 4500.00, 10),
(13, 'Базовый', 15, 2000.00, 6),
(14, 'Ночной', 30, 3500.00, 10),
(15, 'Студенческий', 30, 2500.00, 12);


INSERT INTO TrainingSessions (session_id, client_id, trainer_id, date, time, type) VALUES
(1, 1, 1, '2023-10-01', '10:00', 'Персональная'),
(2, 2, 3, '2023-10-02', '12:30', 'Йога'),
(3, 3, 2, '2023-10-03', '14:00', 'Плавание'),
(4, 4, 5, '2023-10-04', '16:30', 'Бокс'),
(5, 5, 1, '2023-10-05', '11:00', 'Персональная'),
(6, 6, 2, '2023-10-06', '13:15', 'Йога'),
(7, 7, 3, '2023-10-07', '15:45', 'Плавание'),
(8, 8, 4, '2023-10-08', '09:30', 'Фитнес'),
(9, 9, 5, '2023-10-09', '17:00', 'Персональная'),
(10, 10, 2, '2023-10-10', '14:00', 'Йога'),
(11, 11, 3, '2023-10-11', '16:30', 'Плавание'),
(12, 12, 4, '2023-10-12', '11:15', 'Фитнес'),
(13, 13, 5, '2023-10-13', '18:00', 'Персональная'),
(14, 14, 1, '2023-10-14', '10:45', 'Бокс'),
(15, 15, 2, '2023-10-15', '12:00', 'Йога'),
(16, 1, 3, '2023-10-16', '13:30', 'Плавание'),
(17, 2, 4, '2023-10-17', '14:30', 'Фитнес'),
(18, 3, 5, '2023-10-18', '16:00', 'Персональная'),
(19, 4, 1, '2023-10-19', '17:30', 'Бокс'),
(20, 5, 2, '2023-10-20', '09:00', 'Йога'),
(21, 6, 3, '2023-10-21', '11:30', 'Плавание'),
(22, 7, 4, '2023-10-22', '13:00', 'Фитнес'),
(23, 8, 5, '2023-10-23', '15:00', 'Персональная'),
(24, 9, 1, '2023-10-24', '16:45', 'Бокс'),
(25, 10, 2, '2023-10-25', '18:15', 'Йога'),
(26, 11, 3, '2023-10-26', '10:00', 'Плавание'),
(27, 12, 4, '2023-10-27', '11:30', 'Фитнес'),
(28, 13, 5, '2023-10-28', '13:15', 'Персональная'),
(29, 14, 1, '2023-10-29', '14:45', 'Бокс'),
(30, 15, 5, '2023-10-30', '18:00', 'Фитнес');

INSERT INTO Payments (payment_id, client_id, subscription_id, payment_date, amount, payment_method) VALUES
(1, 1, 1, '2023-10-01', 3000.00, 'Карта'),
(2, 2, 2, '2023-10-02', 8000.00, 'Наличные'),
(3, 3, 3, '2023-10-03', 5000.00, 'Карта'),
(4, 4, 4, '2023-10-04', 6000.00, 'Онлайн'),
(5, 5, 1, '2023-10-05', 3000.00, 'Карта'),
(6, 6, 2, '2023-10-06', 8000.00, 'Наличные'),
(7, 7, 3, '2023-10-07', 5000.00, 'Карта'),
(8, 8, 4, '2023-10-08', 6000.00, 'Онлайн'),
(9, 9, 1, '2023-10-09', 3000.00, 'Карта'),
(10, 10, 2, '2023-10-10', 8000.00, 'Наличные'),
(11, 11, 3, '2023-10-11', 5000.00, 'Карта'),
(12, 12, 4, '2023-10-12', 6000.00, 'Онлайн'),
(13, 13, 1, '2023-10-13', 3000.00, 'Карта'),
(14, 14, 2, '2023-10-14', 8000.00, 'Наличные'),
(15, 15, 3, '2023-10-15', 5000.00, 'Карта'),
(16, 1, 4, '2023-10-16', 6000.00, 'Онлайн'),
(17, 2, 1, '2023-10-17', 3000.00, 'Карта'),
(18, 3, 2, '2023-10-18', 8000.00, 'Наличные'),
(19, 4, 3, '2023-10-19', 5000.00, 'Карта'),
(20, 5, 4, '2023-10-20', 6000.00, 'Онлайн'),
(21, 6, 1, '2023-10-21', 3000.00, 'Карта'),
(22, 7, 2, '2023-10-22', 8000.00, 'Наличные'),
(23, 8, 3, '2023-10-23', 5000.00, 'Карта'),
(24, 9, 4, '2023-10-24', 6000.00, 'Онлайн'),
(25, 10, 1, '2023-10-25', 3000.00, 'Карта'),
(26, 11, 2, '2023-10-26', 8000.00, 'Наличные'),
(27, 12, 3, '2023-10-27', 5000.00, 'Карта'),
(28, 13, 4, '2023-10-28', 6000.00, 'Онлайн'),
(29, 14, 1, '2023-10-29', 3000.00, 'Карта'),
(30, 15, 15, '2023-10-30', 2500.00, 'Карта');

INSERT INTO ClientMemberships (active_sub_id, client_id, subscription_id, start_date, end_date, status) VALUES
(1, 1, 1, '2023-01-01', '2023-02-01', 'Активен'),
(2, 2, 2, '2023-02-15', '2023-05-15', 'Истек'),
(3, 3, 3, '2023-03-01', '2023-05-01', 'Приостановлен'),
(4, 4, 4, '2023-04-10', '2023-05-10', 'Активен'),
(5, 5, 1, '2023-05-01', '2023-06-01', 'Активен'),
(6, 6, 2, '2023-06-01', '2023-09-01', 'Истек'),
(7, 7, 3, '2023-07-01', '2023-09-01', 'Приостановлен'),
(8, 8, 4, '2023-08-01', '2023-09-01', 'Активен'),
(9, 9, 1, '2023-09-01', '2023-10-01', 'Активен'),
(10, 10, 2, '2023-10-01', '2023-12-01', 'Истек'),
(11, 11, 3, '2023-11-01', '2023-12-01', 'Приостановлен'),
(12, 12, 4, '2023-12-01', '2024-01-01', 'Активен'),
(13, 13, 1, '2023-01-15', '2023-02-15', 'Активен'),
(14, 14, 2, '2023-02-01', '2023-05-01', 'Истек'),
(15, 15, 3, '2023-03-15', '2023-06-15', 'Приостановлен'),
(16, 1, 4, '2023-04-05', '2023-05-05', 'Активен'),
(17, 2, 1, '2023-05-01', '2023-06-01', 'Активен'),
(18, 3, 2, '2023-06-01', '2023-09-01', 'Истек'),
(19, 4, 3, '2023-07-01', '2023-10-01', 'Приостановлен'),
(20, 5, 4, '2023-08-01', '2023-11-01', 'Активен'),
(21, 6, 1, '2023-09-01', '2023-10-01', 'Активен'),
(22, 7, 2, '2023-10-01', '2023-12-01', 'Истек'),
(23, 8, 3, '2023-11-01', '2024-01-01', 'Приостановлен'),
(24, 9, 4, '2023-12-01', '2024-02-01', 'Активен'),
(25, 10, 1, '2023-01-01', '2023-02-01', 'Активен'),
(26, 11, 2, '2023-02-15', '2023-05-15', 'Истек'),
(27, 12, 3, '2023-03-01', '2023-05-01', 'Приостановлен'),
(28, 13, 4, '2023-04-10', '2023-05-10', 'Активен'),
(29, 14, 1, '2023-05-01', '2023-06-01', 'Активен'),
(30, 15, 15, '2023-09-01', '2023-11-01', 'Активен');
